year,month,CPI (minus food + energy),Housing (minus utilities),Transportation (minus motor fuel),Entertainment
1966,M12,68.79,27.93,10.39,
1967,M01,68.79,27.93,10.39,
1967,M02,69.11771574,27.93,10.47404908,
1967,M03,69.15275981,27.93,10.48668267,
1967,M04,69.37534332,28.03783607,10.53283098,
1967,M05,69.37534332,28.14567213,10.57485552,
1967,M06,69.84735928,28.12238575,10.57485552,
1967,M07,70.12754628,28.23022181,10.6589046,
1967,M08,70.31937524,28.31477149,10.70092914,
1967,M09,70.45360071,28.39932117,10.789102,
1967,M10,70.83891993,28.39932117,10.78497822,
1967,M11,71.34747567,28.53044362,10.86051749,
1967,M12,71.76783898,28.63827969,10.91105184,
1968,M01,71.96549462,28.74600242,10.95691021,
1968,M02,72.12216467,28.83060323,10.9862567,
1968,M03,72.438493,28.93832596,10.99909129,
1968,M04,72.76673393,29.04604869,10.9825794,
1968,M05,72.94707809,29.1306495,10.96974481,
1968,M06,73.52032288,29.34609496,11.04127236,
1968,M07,74.04066949,29.5384185,11.04127236,
1968,M08,74.21465102,29.75386396,11.04494966,
1968,M09,74.54289195,29.86158669,11.07061885,
1968,M10,75.04511441,29.96930942,11.09996533,
1968,M11,75.27835675,30.18475488,11.15865829,
1968,M12,75.94660012,30.40020034,11.11279992,
1969,M01,76.14273623,30.50805692,11.15861507,
1969,M02,76.41236899,30.61591351,11.35677203,
1969,M03,77.09400419,30.91615934,11.55853985,
1969,M04,77.45937112,31.10854858,11.51994644,
1969,M05,77.75586502,31.21640516,11.40619805,
1969,M06,78.13466252,31.40879441,11.42267339,
1969,M07,78.77428583,31.62450758,11.44840234,
1969,M08,78.96683441,31.81689682,11.49060662,
1969,M09,79.50251239,32.00928606,11.46126681,
1969,M10,80.0247598,32.20167531,11.58787966,
1969,M11,80.5505506,32.28620796,11.65581289,
1969,M12,80.9965451,32.50192114,11.71449252,
1970,M01,81.55925437,32.58652787,11.89585746,
1970,M02,82.09266026,32.90969761,11.92521558,
1970,M03,82.83138814,33.31747409,11.94700341,
1970,M04,82.93378464,33.40208083,12.0170751,
1970,M05,83.20380861,33.59441081,12.08479269,
1970,M06,83.93581414,33.80985731,12.20744139,
1970,M07,84.07498154,34.00218729,12.26615763,
1970,M08,84.4352493,34.06367751,12.28794546,
1970,M09,84.7903029,34.34061422,12.34666171,
1970,M10,85.09121873,34.50982769,12.46409421,
1970,M11,85.55237479,34.67904116,12.61988617,
1970,M12,86.00000587,34.76364789,12.76289165,
1971,M01,86.20160925,34.8483485,12.87668985,
1971,M02,86.21617082,34.80263562,13.01281707,
1971,M03,86.43856863,34.67222214,13.03864354,
1971,M04,86.78194734,34.6493657,13.09029647,
1971,M05,87.28211205,34.84162336,13.09029647,
1971,M06,87.67694772,35.11858163,13.16185753,
1971,M07,88.00574367,35.31083929,13.20059722,
1971,M08,87.76418857,35.37268346,13.10078881,
1971,M09,87.96579195,35.56494113,13.00340129,
1971,M10,88.2122339,35.67249818,12.99048806,
1971,M11,88.61612426,35.80291167,12.97407738,
1971,M12,88.5903274,35.8418994,12.96116414,
1972,M01,89.03320748,36.05707739,13.12624899,
1972,M02,89.59405585,36.16466638,13.09690547,
1972,M03,89.52572274,36.14176108,13.09690547,
1972,M04,89.87748911,36.22644477,13.13543263,
1972,M05,90.01824665,36.31112846,13.15193376,
1972,M06,90.34723243,36.50340115,13.19046091,
1972,M07,90.40478315,36.69567384,13.19411965,
1972,M08,90.49302998,36.78035753,13.22712191,
1972,M09,90.79035881,36.88794652,13.2344394,
1972,M10,90.94598141,36.86504122,13.17941112,
1972,M11,91.37112091,36.94972492,13.23809815,
1972,M12,91.63272227,37.1649029,13.28028404,
1973,M01,91.91312596,37.11890845,13.26742891,
1973,M02,92.46361233,37.18056282,13.32610893,
1973,M03,93.36295875,37.37286324,13.35544894,
1973,M04,93.7983173,37.43451761,13.4177587,
1973,M05,94.0629671,37.49617198,13.39204843,
1973,M06,94.5051938,37.77312401,13.39930792,
1973,M07,94.41268011,37.8577756,13.39930792,
1973,M08,96.17501461,38.13472763,13.39930792,
1973,M09,96.72890046,38.51932848,13.38282304,
1973,M10,97.00814743,38.83493764,13.32943659,
1973,M11,96.59312715,39.0585579,13.30539016,
1973,M12,96.57907918,39.19752655,13.28134372,
1974,M01,96.18883094,39.42249651,13.28066314,
1974,M02,96.08082134,39.56634666,13.26734425,
1974,M03,96.11155257,40.01302106,13.24958572,
1974,M04,96.31983379,40.17904166,13.38382728,
1974,M05,96.99083207,40.58137518,13.52216818,
1974,M06,97.92237069,41.02804958,13.77425393,
1974,M07,98.40327165,41.4303831,13.97168708,
1974,M08,99.72832169,41.91761741,14.09363061,
1974,M09,101.4519029,42.47136305,14.28696441,
1974,M10,102.586526,43.04727914,14.48883718,
1974,M11,103.777092,43.38688231,14.64015669,
1974,M12,104.6089206,43.85572716,14.75356125,
1975,M01,105.2837938,44.15535546,14.75772077,
1975,M02,105.9557108,44.5170745,14.88368783,
1975,M03,106.445033,44.81423492,15.02642424,
1975,M04,106.7571487,45.02860769,15.06841326,
1975,M05,106.6415599,45.17842184,15.04735311,
1975,M06,107.0942631,45.41349152,15.13119987,
1975,M07,107.6005643,45.56330567,15.2653547,
1975,M08,107.7831742,45.79837535,15.38287144,
1975,M09,108.3987749,45.9920512,15.66834427,
1975,M10,108.8336022,46.14186535,15.74387199,
1975,M11,109.6368615,46.56814301,16.03779513,
1975,M12,110.260467,46.80321269,16.134383,
1976,M01,110.737559,47.05919934,16.31450954,63.6
1976,M02,111.1369102,47.20951874,16.49027526,63.7
1976,M03,111.5843237,47.29484763,16.7498472,64
1976,M04,112.0319282,47.48584377,16.90873799,64.3
1976,M05,112.657752,47.57117266,16.98439094,64.8
1976,M06,113.2602652,47.86783605,17.11882192,65.1
1976,M07,113.814282,48.10348434,17.23201716,65.3
1976,M08,114.4501293,48.359471,17.34521239,65.4
1976,M09,114.8758851,48.57478091,17.55908877,65.7
1976,M10,115.2560265,48.70476194,17.73542286,66
1976,M11,115.0664372,48.69237438,17.85297892,66.3
1976,M12,115.2557182,48.78565407,17.96617415,66.5
1977,M01,115.4332913,49.09410427,18.15082986,66.8
1977,M02,116.5900555,49.37013193,18.23056783,67.1
1977,M03,116.9664125,49.58683945,18.37745321,67.3
1977,M04,117.9147061,49.88264049,18.50335477,67.4
1977,M05,118.330238,50.19821492,18.50755162,67.8
1977,M06,119.2620991,50.53356272,18.54532195,68.3
1977,M07,119.9218886,50.96065319,18.54112509,68.4
1977,M08,120.4603911,51.17736072,18.49915791,68.6
1977,M09,120.7723163,51.53880647,18.55791206,69.1
1977,M10,121.2793634,51.79506076,18.57889588,69.3
1977,M11,121.5351435,51.9785461,18.61246982,69.4
1977,M12,122.2586548,52.39931199,18.68801093,69.6
1978,M01,123.2850761,52.74587423,18.81028539,70
1978,M02,123.8086146,53.07070179,18.88455255,70.4
1978,M03,124.5213787,53.41343222,18.91414103,70.9
1978,M04,125.4527738,53.82394239,18.98840819,71.5
1978,M05,126.6674068,54.37384381,19.09951297,71.7
1978,M06,127.7064338,54.89177126,19.24020623,71.7
1978,M07,128.8767142,55.49538133,19.3993183,72.1
1978,M08,129.6930473,55.89182041,19.48416319,72.2
1978,M09,130.9885663,56.5632102,19.65052439,72.6
1978,M10,131.9703644,57.16298847,19.82413473,73
1978,M11,132.6423812,57.54152467,19.96815658,73.1
1978,M12,133.2001074,57.76276673,20.10100877,73.6
1979,M01,134.0922889,58.15610431,20.07489642,74.2
1979,M02,135.3828712,58.87718937,20.27473353,74.6
1979,M03,136.1487877,59.25288368,20.47387021,75.2
1979,M04,136.8768546,59.85295741,20.69876902,75.9
1979,M05,137.6840061,60.40010136,20.88293432,76.5
1979,M06,138.0921396,61.0128354,21.01870533,76.6
1979,M07,138.6730904,61.67849921,21.10643226,77
1979,M08,139.1719098,62.42988784,21.15725609,77.4
1979,M09,139.6041114,63.09555166,21.16003583,77.8
1979,M10,140.8172421,63.93515658,21.18544774,78.2
1979,M11,142.3101365,64.96634587,21.32574958,78.5
1979,M12,143.7253999,65.84123731,21.53985763,78.7
1980,M01,144.914401,66.68332428,21.76720264,79.5
1980,M02,146.1662241,67.44328667,22.02112779,80.5
1980,M03,147.3096236,68.33837499,22.22273674,81.7
1980,M04,149.0800871,69.23346332,22.48606501,82.4
1980,M05,150.7807712,70.21067623,22.73052803,83
1980,M06,152.6100062,71.58056864,22.75668614,83.6
1980,M07,152.3721355,70.90493896,22.94196213,84.1
1980,M08,153.3732832,71.09679286,23.19757548,84.7
1980,M09,154.8582442,71.54247372,23.57542035,85.4
1980,M10,156.5723014,72.63466104,23.77142462,85.9
1980,M11,158.4402959,73.54244767,24.07507467,86
1980,M12,159.8979641,74.47038583,24.28222927,86.3
1981,M01,160.6349824,74.81146821,24.51732278,87.3
1981,M02,160.6462989,74.93989927,24.69936639,88.2
1981,M03,161.0437605,75.21093083,24.80155656,88.8
1981,M04,162.4986911,75.73297553,25.02883281,89.2
1981,M05,164.3116712,76.70284017,25.41134913,89.7
1981,M06,166.399344,77.62517131,25.74919199,89.9
1981,M07,168.6650577,78.97697902,26.14231815,90
1981,M08,170.1824664,79.78172584,26.30537614,90.5
1981,M09,172.165185,80.89169211,26.5348858,91.2
1981,M10,172.8985806,80.93922561,26.83475609,91.8
1981,M11,173.4467169,81.15605086,27.05309738,92.3
1981,M12,174.134255,81.3978923,27.16813147,92.5
1982,M01,174.6388471,81.52913363,27.34654238,93.3
1982,M02,175.5161927,81.78682398,27.37776097,94.1
1982,M03,175.7149608,81.51125367,27.48338486,94.8
1982,M04,177.5753899,82.29326468,27.6586437,95.2
1982,M05,179.3963057,83.48895349,27.84744673,95.4
1982,M06,180.8965317,84.39533969,28.14421657,95.9
1982,M07,181.8066525,84.73892681,28.3434117,96.3
1982,M08,182.3136866,84.9650049,28.40661576,96.6
1982,M09,182.2412279,84.63515007,28.42582394,97
1982,M10,182.7777937,84.74164529,28.50742704,97.8
1982,M11,182.3197069,84.29428141,28.55223205,97.7
1982,M12,181.9025897,83.41743363,28.6170544,97.7
1983,M01,182.7800915,83.91951806,28.734503,98.3
1983,M02,183.8763698,84.25902571,28.79876008,99
1983,M03,184.4118793,84.44073419,28.82739864,99.6
1983,M04,185.1809317,84.98107135,28.92944995,99.6
1983,M05,185.4440978,85.0814861,28.97397802,99.7
1983,M06,185.9187519,85.34926588,29.08107972,99.9
1983,M07,186.8259949,85.66964184,29.29263487,100.1
1983,M08,187.5881467,85.85135031,29.52946165,100.4
1983,M09,188.3611658,86.08565496,29.75401194,100.8
1983,M10,189.3980419,86.34386889,29.97423053,101.4
1983,M11,190.4072925,86.68815414,30.27363092,101.6
1983,M12,191.3506188,86.90811534,30.37543612,101.6
1984,M01,192.6835837,87.41055046,30.54611632,101.7
1984,M02,193.1170226,87.6146411,30.57132195,102.4
1984,M03,193.9143069,88.0030179,30.77854106,102.5
1984,M04,194.8399792,88.47139447,30.96495164,103.3
1984,M05,195.5561694,88.66756332,31.17402877,103.2
1984,M06,196.3559242,88.95983615,31.39190009,103.6
1984,M07,197.4805656,89.33210874,31.52536033,103.9
1984,M08,198.2705213,89.61434902,31.67962909,104.4
1984,M09,198.8984428,90.09275814,31.72310418,104.7
1984,M10,199.7104492,90.36100497,31.86232363,105.2
1984,M11,200.4044786,90.6292518,31.94859275,105.4
1984,M12,201.2551413,90.99360261,31.98005349,105.9
1985,M01,201.6891713,91.21468418,32.09844853,106.3
1985,M02,203.2215953,91.79186385,32.29196659,106.4
1985,M03,203.9236938,92.11164817,32.3967283,106.7
1985,M04,203.9735235,92.34536747,32.4081493,107.2
1985,M05,204.6927911,93.09467718,32.33073409,107.3
1985,M06,205.4725356,93.41366179,32.28520982,107.8
1985,M07,206.065678,93.79423567,32.30342751,108.2
1985,M08,207.1675364,94.40772913,32.28746208,108.2
1985,M09,207.5794899,94.48195612,32.34436741,108.6
1985,M10,208.6824536,94.94859501,32.46730689,109.3
1985,M11,209.5302126,95.4894609,32.59253855,109.5
1985,M12,210.2732485,95.69870443,32.70638915,109.2
1986,M01,211.2431748,96.03107367,32.86569378,110.2
1986,M02,212.4947636,96.43974736,32.93029358,110.7
1986,M03,214.3514693,97.16789827,32.93804084,110.7
1986,M04,215.9831876,97.67446968,32.91214162,110.9
1986,M05,216.7724306,97.94656958,32.94040181,111.1
1986,M06,216.9664545,98.27789112,33.03779978,111.5
1986,M07,218.7469081,98.67367279,33.11081121,111.7
1986,M08,219.686335,98.91998863,33.14159845,111.8
1986,M09,220.4514238,99.43735668,33.14311111,112.1
1986,M10,221.7980483,99.89445538,33.28256718,112.6
1986,M11,222.5650168,100.0923462,33.47282514,112.9
1986,M12,223.4000332,100.3752427,33.5391037,112.9
1987,M01,223.2800944,100.5053066,33.64519232,113.3
1987,M02,223.4340364,100.9693033,33.58079268,113.5
1987,M03,224.3524322,101.2517069,33.67096192,113.9
1987,M04,225.7866522,101.921149,33.81139377,114.5
1987,M05,226.646624,102.1797002,33.99905365,114.8
1987,M06,226.9555163,102.199728,34.11094638,114.9
1987,M07,227.5941,102.4913572,34.26274574,115.4
1987,M08,228.1943522,102.960755,34.35493804,115.6
1987,M09,229.2151077,103.2670109,34.5140588,116.1
1987,M10,230.6191126,103.931052,34.56381565,116.9
1987,M11,231.3979441,104.0941938,34.67368532,117.3
1987,M12,232.0677276,104.4958591,34.69287999,117.4
1988,M01,233.4635422,104.9441554,34.70318425,118.1
1988,M02,234.0388528,105.3601106,34.74337008,118.3
1988,M03,234.9899293,105.7997753,34.82374173,119
1988,M04,236.5226676,106.1683113,34.9637476,119.6
1988,M05,237.4691919,106.5928981,35.15411466,119.7
1988,M06,238.3106567,106.8191768,35.3243888,120.1
1988,M07,239.0497434,107.1015062,35.42420885,120.5
1988,M08,239.9943117,107.5411709,35.65411722,120.7
1988,M09,241.2013792,107.9484944,35.84474208,121.3
1988,M10,242.155729,108.2696113,35.94507774,121.8
1988,M11,243.2597662,108.6230694,36.02519159,122.2
1988,M12,244.2942293,109.0390246,36.15553771,122.8
1989,M01,245.164879,109.2494126,36.27522644,123.8
1989,M02,245.8515521,109.5418644,36.44451314,124.3
1989,M03,246.736122,109.886463,36.54341199,124.7
1989,M04,246.7202331,110.1589702,36.63666616,125.4
1989,M05,247.8108735,110.6477519,36.76556147,125.5
1989,M06,249.0528594,111.0404115,36.85673919,126.2
1989,M07,249.9966887,111.533279,36.85763045,126.9
1989,M08,250.7261982,111.9259387,36.91079349,127.3
1989,M09,251.9832247,112.0601493,36.89238033,127.8
1989,M10,253.1274378,112.7352885,37.04206551,128.4
1989,M11,254.5718743,113.0798872,37.16353678,128.6
1989,M12,255.2724643,113.4625745,37.29391753,129.1
1990,M01,255.467691,113.6593766,37.47303554,129.9
1990,M02,257.1623531,114.0802332,37.57316128,130.4
1990,M03,259.1085873,114.8124201,37.69339214,130.9
1990,M04,260.1154248,115.2621847,37.81345161,131.4
1990,M05,261.0971627,115.6257771,37.84363786,131.7
1990,M06,262.7169206,116.4107781,37.95361621,131.9
1990,M07,264.4199442,117.2385891,38.11371455,132.7
1990,M08,265.0433568,118.028592,38.1826257,133
1990,M09,264.729983,118.1008619,38.34158146,134.1
1990,M10,264.8255351,118.20649,38.54069034,134.3
1990,M11,265.2928117,118.3071161,38.72083668,134.4
1990,M12,266.8490786,118.6707086,39.00105162,134.6
1991,M01,268.8482376,119.4606202,39.12830493,135.5
1991,M02,270.7779305,119.9727687,39.31497984,136.2
1991,M03,271.9910927,120.3604296,39.32308092,136.7
1991,M04,273.1086312,120.7576213,39.2530862,137.7
1991,M05,273.905052,121.1501455,39.35371874,137.8
1991,M06,275.367197,121.4516378,39.55312979,138.1
1991,M07,276.2074819,121.7245377,39.69234672,138.6
1991,M08,277.3137327,122.0164992,39.84275477,139.2
1991,M09,278.11186,122.4234175,39.87277457,140.2
1991,M10,278.5670872,122.7202423,39.84260026,140.5
1991,M11,279.6666794,123.1510854,39.97294361,140.4
1991,M12,280.3412251,123.4957599,40.10328695,139.9
1992,M01,281.5893062,124.0237353,40.14198047,140.1
1992,M02,282.5050291,124.3184796,40.14176925,140.7
1992,M03,283.7902753,124.6992682,40.31176121,141.2
1992,M04,284.4941341,124.9083389,40.57140102,142
1992,M05,285.0237626,125.0313653,40.6117843,142
1992,M06,285.3657259,125.4615869,40.59296558,142
1992,M07,286.3096052,125.744251,40.73314533,142.4
1992,M08,286.9586516,125.9163397,40.83273059,142.6
1992,M09,287.4715895,126.014835,40.8625428,143.2
1992,M10,288.7984263,126.51865,41.17292573,143.5
1992,M11,289.3915024,126.6911094,41.37294112,143.7
1992,M12,289.8922841,126.9367914,41.40317577,143.8
1993,M01,291.3152979,127.4286078,41.54275834,144.3
1993,M02,292.6757408,127.7978893,41.69257801,144.5
1993,M03,292.5841041,127.7727115,41.6918986,144.8
1993,M04,293.8092066,128.313486,41.84103886,145.3
1993,M05,294.8355198,128.3870628,42.15877447,145
1993,M06,295.3162777,128.7311665,42.28744054,145.5
1993,M07,296.0103109,128.767955,42.48606775,145.3
1993,M08,296.7273131,129.185915,42.67547698,145.8
1993,M09,297.38226,129.4686116,42.74441901,146.6
1993,M10,297.772583,129.775927,42.88841772,147.3
1993,M11,299.3772842,130.2555737,43.10683972,147.7
1993,M12,300.3972242,130.6981525,43.21537131,147.8
1994,M01,300.88379,131.0193296,43.20437488,148.5
1994,M02,301.2470206,131.3496917,43.25558563,149.1
1994,M03,302.1998886,131.6438286,43.41509599,149.6
1994,M04,302.8480522,131.7568393,43.51482363,149.7
1994,M05,304.1039418,132.27483,43.51374609,149.9
1994,M06,305.0331596,132.5462618,43.75395448,149.8
1994,M07,305.4987617,132.7182029,43.95556485,150.2
1994,M08,305.9889363,133.2226736,44.14833388,150.2
1994,M09,307.1426062,133.5687232,44.24779215,150.7
1994,M10,307.7424354,133.8899003,44.34725041,151
1994,M11,308.5120903,134.1726846,44.47754287,151.6
1994,M12,309.1784238,134.2224299,44.6472415,151.2
1995,M01,310.333469,134.7630013,44.87616979,152.1
1995,M02,311.2547686,135.0710221,45.06597265,152.5
1995,M03,312.3038193,135.4041996,45.32520016,152.6
1995,M04,313.6934121,135.8735931,45.6149998,153.3
1995,M05,314.4947928,136.3325542,45.71554238,153.6
1995,M06,314.797448,136.5902616,45.90643683,153.2
1995,M07,315.7803345,137.0344983,45.83510188,153.6
1995,M08,316.4790782,137.2271677,45.78414834,154.1
1995,M09,317.9554006,137.8266369,45.82300087,154.9
1995,M10,318.6256849,138.2665815,46.01253083,155.2
1995,M11,319.7171595,138.56417,46.02135704,156
1995,M12,319.6052455,138.7715639,45.86267211,156.2
1996,M01,320.2668662,139.1346882,45.99400106,157
1996,M02,320.7432509,139.3162504,46.20381347,158.3
1996,M03,321.4605167,139.8116927,46.1847762,158.4
1996,M04,321.1925479,139.7652313,46.27642572,158.6
1996,M05,321.657235,140.1339939,46.39677707,158.8
1996,M06,323.361771,140.5998897,46.54597612,159
1996,M07,323.9390009,140.963014,46.57526152,159
1996,M08,324.4727737,141.2811047,46.72460647,159.2
1996,M09,325.578021,141.5640107,46.95447744,159.8
1996,M10,326.2712236,141.7455728,46.99474045,160.1
1996,M11,326.7321182,142.0129916,47.06545604,160.7
1996,M12,326.5470824,142.0425382,47.20644953,160.8
1997,M01,326.4852294,142.2830758,47.06755366,161.3
1997,M02,327.3167153,142.7518437,46.95733423,161.8
1997,M03,328.7725962,143.1019301,47.12490653,162.1
1997,M04,330.2071298,143.6598069,47.17202424,162.2
1997,M05,331.4627112,144.1317495,47.13895163,162.2
1997,M06,331.4554592,144.3504557,47.10037822,162.7
1997,M07,332.4519185,144.7582955,47.1488486,162.6
1997,M08,332.7126034,145.1552195,47.00309927,163
1997,M09,332.8856145,145.3739257,47.06484832,163
1997,M10,333.8460501,145.6317284,47.17337691,163.1
1997,M11,334.2884425,145.9113627,47.06180481,162.9
1997,M12,335.7709139,146.5974451,47.07102545,163.1
1998,M01,337.5738414,147.0584395,47.18467224,
1998,M02,339.0830293,147.4516233,47.26351075,
1998,M03,340.0235352,147.8207755,47.29818985,
1998,M04,341.0361327,148.1899277,47.27487666,
1998,M05,341.5372991,148.5950077,47.23545741,
1998,M06,341.9722462,148.9143133,47.18441386,
1998,M07,343.1217568,149.2854881,47.31215192,
1998,M08,344.3123225,149.6746268,47.47697146,
1998,M09,345.1077838,150.171549,47.37475517,
1998,M10,345.910957,150.6484848,47.37943073,
1998,M11,346.6297396,151.0356009,47.45138509,
1998,M12,348.0308589,151.3888117,47.47918004,
1999,M01,348.9610346,151.4070171,47.4954533,
1999,M02,349.2048465,151.5460516,47.33753824,
1999,M03,348.7091477,151.8638357,47.3630292,
1999,M04,348.4422777,152.3057533,47.45801336,
1999,M05,349.0700615,152.5176093,47.50914705,
1999,M06,349.3110201,152.8171881,47.43483631,
1999,M07,349.7387668,153.1498732,47.67631777,
1999,M08,348.895013,153.3402194,47.68781143,
1999,M09,349.1731549,153.7573228,47.78761313,
1999,M10,349.749238,153.8963572,48.02454265,
1999,M11,350.8147671,154.2836586,48.10587101,
1999,M12,350.4564276,154.5865417,48.09877751,
2000,M01,351.0677122,155.3247448,48.0410058,
2000,M02,350.3468833,155.4993597,48.02533358,
2000,M03,349.8998875,156.122985,48.20374561,
2000,M04,351.5402749,156.3166259,48.3071419,
2000,M05,352.7703169,156.722088,48.47167788,
2000,M06,351.2710831,157.1480556,48.58017108,
2000,M07,351.9961639,157.4894639,48.56137787,
2000,M08,353.9140292,157.8435562,48.69497352,
2000,M09,352.9670026,158.214983,48.73330091,
2000,M10,353.3287668,158.5563913,48.69358145,
2000,M11,354.4175706,159.0163942,48.88618375,
2000,M12,354.5676781,159.12463,49.05547978,
2001,M01,353.9768908,159.3005339,49.15533492,
2001,M02,355.3931057,159.8120052,49.21508951,
2001,M03,356.8877152,160.5014587,49.14413167,
2001,M04,357.3598416,160.7850609,49.1497333,
2001,M05,356.4880102,161.328621,49.13582006,
2001,M06,358.1792491,162.0679615,49.313263,
2001,M07,361.1706014,162.3883294,49.31480548,
2001,M08,362.4035274,163.0611538,49.32769039,
2001,M09,362.5342418,163.3470944,49.38277502,
2001,M10,365.3646773,163.7932189,49.43548215,
2001,M11,368.2479853,164.4981322,49.56278876,
2001,M12,369.6296383,165.1519893,49.62123669,
2002,M01,370.3062668,165.713678,49.54612717,
2002,M02,371.4344409,166.1952086,49.39036801,
2002,M03,370.3449784,166.444135,49.38305882,
2002,M04,370.1868643,166.9338268,49.46282392,
2002,M05,370.6321788,167.2468798,49.51873189,
2002,M06,371.0636368,167.5678032,49.49236596,
2002,M07,371.6403643,167.7765052,49.53867316,
2002,M08,372.6245892,168.2822286,49.70720921,
2002,M09,372.9325388,168.6034427,49.71518572,
2002,M10,372.1623701,168.8605303,49.74945575,
2002,M11,372.9333027,169.3021271,49.7894107,
2002,M12,373.4004621,169.438832,49.78542245,
2003,M01,372.1120011,169.9045406,49.75641124,
2003,M02,370.5337382,169.896835,49.8277637,
2003,M03,369.1454434,169.576427,49.9502673,
2003,M04,371.1756826,169.6083917,49.93658435,
2003,M05,374.0543729,170.2987412,49.9146797,
2003,M06,374.203344,170.2987412,49.9229014,
2003,M07,374.5624142,170.6439159,49.89811867,
2003,M08,373.6027248,170.9249075,49.86088576,
2003,M09,372.4118461,171.1096244,49.66826247,
2003,M10,374.4972204,171.7035723,49.56960211,
2003,M11,375.0862111,171.9523454,49.40493291,
2003,M12,375.1843576,172.273515,49.30298355,
2004,M01,374.8455069,172.5262462,49.49582876,
2004,M02,374.8070592,172.5295843,49.61846986,
2004,M03,376.2174601,173.3910078,49.64048401,
2004,M04,377.6595153,173.9370946,49.59647706,
2004,M05,377.4896618,174.4043472,49.65723738,
2004,M06,377.2327221,174.6508641,49.64462433,
2004,M07,377.8228124,174.9255765,49.61842717,
2004,M08,377.6920511,175.1056879,49.5911736,
2004,M09,378.7251775,175.7210564,49.80187129,
2004,M10,378.5509627,176.1061367,50.10058289,
2004,M11,378.046326,176.0688505,50.4947247,
2004,M12,378.7240679,176.381311,50.52199962,
2005,M01,380.5344489,176.7306578,50.56310399,
2005,M02,380.6636252,177.2396917,50.62649005,
2005,M03,381.6492768,178.0510167,50.70953271,
2005,M04,381.3724994,177.9968172,50.82477022,
2005,M05,382.4148876,178.183604,50.89474959,
2005,M06,382.5115829,178.1992893,50.96577901,
2005,M07,381.7058256,178.6712455,51.00313128,
2005,M08,380.2724055,178.7525062,51.10666445,
2005,M09,376.5725164,178.3560652,51.52861021,
2005,M10,377.5786512,178.9534651,51.52524397,
2005,M11,380.6877393,179.4097359,51.4014828,
2005,M12,382.2580306,180.0628102,51.37745631,
2006,M01,381.5288901,180.1047108,51.48730096,
2006,M02,382.775688,180.7401624,51.52965945,
2006,M03,384.384049,181.4937152,51.53766212,
2006,M04,384.7073887,182.1288899,51.68203485,
2006,M05,385.7068815,182.9408014,51.74491677,
2006,M06,386.8565605,183.5609021,51.78744753,
2006,M07,386.6817701,184.1511315,51.90355255,
2006,M08,387.3556914,184.6966924,51.88972015,
2006,M09,389.4991777,185.0945575,51.77701356,
2006,M10,392.3298678,185.9377242,51.60594314,
2006,M11,392.4978535,186.3945016,51.39137485,
2006,M12,392.1185892,186.8364816,51.37997375,
2007,M01,393.4806318,187.3587843,51.39007517,
2007,M02,394.3827857,187.9582152,51.38821574,
2007,M03,393.9751051,188.2274248,51.48613021,
2007,M04,394.3011967,188.628812,51.50547455,
2007,M05,394.3582904,188.9509405,51.44265535,
2007,M06,394.8831371,189.4249927,51.47066431,
2007,M07,395.77893,189.7940263,51.57491439,
2007,M08,396.9536621,190.2145538,51.63605109,
2007,M09,397.3680466,190.5738854,51.7399859,
2007,M10,398.1807239,190.9059457,51.83502858,
2007,M11,397.9792248,191.407558,52.10199301,
2007,M12,398.7605051,191.8727356,52.19978838,
2008,M01,399.9419806,192.3209709,52.39728033,
2008,M02,399.9929357,192.5402631,52.37238667,
2008,M03,400.4783915,193.0313096,52.46909711,
2008,M04,400.5670729,192.8995198,52.41437414,
2008,M05,400.4020397,193.0277415,52.57890474,
2008,M06,399.7618242,193.2791587,52.85367347,
2008,M07,399.9865567,193.5533378,53.00104586,
2008,M08,401.7055617,193.9630561,52.93733556,
2008,M09,402.8913793,194.6221507,52.8018875,
2008,M10,405.0366497,194.9505322,52.46921897,
2008,M11,408.9978634,195.3989856,51.97255442,
2008,M12,410.4975169,195.4792108,51.7366386,
2009,M01,411.0325137,195.8241298,51.92262812,
2009,M02,411.0365788,195.9868184,52.04149936,
2009,M03,412.9824953,196.3102164,51.94130595,
2009,M04,414.1343652,196.5828478,52.06521962,
2009,M05,414.2309926,196.7148762,52.19660562,
2009,M06,411.5100655,196.6340494,52.42901759,
2009,M07,412.0252118,196.4319694,52.63268694,
2009,M08,411.4178937,196.5608099,52.70408943,
2009,M09,412.0058831,196.5264621,53.10470651,
2009,M10,412.7184954,196.5770989,53.86238742,
2009,M11,411.7624398,196.1810933,54.36692756,
2009,M12,412.45477,196.2042646,54.59962861,
2010,M01,411.6579664,195.347509,54.79727002,
2010,M02,412.2371509,195.2792733,54.8598952,
2010,M03,412.3167247,195.1175403,54.8510491,
2010,M04,412.4219034,195.0465918,54.8308039,
2010,M05,413.0235081,195.1978465,54.82462571,
2010,M06,413.8254654,195.2875999,54.92241584,
2010,M07,413.7608944,195.3609142,55.06507701,
2010,M08,413.8460534,195.3507994,55.22896524,
2010,M09,414.2397582,195.4385281,55.37052672,
2010,M10,413.7372293,195.5144603,55.5477126,
2010,M11,414.132555,195.7432375,55.73994366,
2010,M12,413.6481543,195.9028098,55.92478545,
2011,M01,414.4796073,196.1801039,56.21724071,
2011,M02,415.0557562,196.3975188,56.40083625,
2011,M03,414.9192886,196.5407483,56.62158203,
2011,M04,414.7593632,196.7291071,56.68642953,
2011,M05,415.3920167,196.9088134,56.86901088,
2011,M06,416.9242248,197.2976459,57.14195822,
2011,M07,417.9258371,197.7686233,57.37965547,
2011,M08,419.1970916,198.1728493,57.65776549,
2011,M09,419.6176546,198.4442626,57.72933103,
2011,M10,420.5831132,198.8601466,57.6957098,
2011,M11,421.3100138,199.2141298,57.63175883,
2011,M12,422.7512061,199.6736153,57.7591867,
2012,M01,423.6580452,200.0279619,57.91580348,
2012,M02,423.7154301,200.4772191,57.88079851,
2012,M03,424.5865534,200.8784977,57.94773339,
2012,M04,425.4603576,201.3415876,58.00115024,
2012,M05,426.7584541,201.6201064,57.98728777,
2012,M06,428.0291521,201.9479764,57.98688645,
2012,M07,428.9458691,202.2920171,58.17343634,
2012,M08,428.517034,202.583334,58.40115192,
2012,M09,428.6926585,202.9596325,58.47038519,
2012,M10,429.1543681,203.3383398,58.49302988,
2012,M11,430.2399089,203.6772617,58.44415198,
2012,M12,431.3508199,203.949681,58.72603895,
2013,M01,432.3028588,204.2812017,58.91175648,
2013,M02,432.0483565,204.6686841,58.94731129,
2013,M03,433.2598721,204.9852354,58.94988059,
2013,M04,433.7529654,205.2725012,58.70385093,
2013,M05,433.9292857,205.6436267,58.55084128,
2013,M06,434.4754668,206.0435869,58.6494208,
2013,M07,435.4806667,206.3186584,59.06120815,
2013,M08,436.2662707,206.7702838,59.16159505,
2013,M09,437.0611537,207.0441962,59.29744312,
2013,M10,437.5665129,207.2859292,59.3659811,
2013,M11,438.3505895,207.8244214,59.42277361,
2013,M12,438.870822,208.287046,59.48679453,
2014,M01,438.5412906,208.5855245,59.25795321,
2014,M02,438.9860444,208.864939,59.24077912,
2014,M03,439.6726466,209.2983672,59.25497181,
2014,M04,440.8911247,209.8948534,59.39026237,
2014,M05,441.7976041,210.3459004,59.47743133,
2014,M06,442.3615597,210.6816844,59.52461414,
2014,M07,443.169937,211.2257225,59.53723007,
2014,M08,443.9411196,211.6830354,59.55231084,
2014,M09,445.1295744,212.1262486,59.58587497,
2014,M10,446.3867807,212.7233816,59.67643689,
2014,M11,447.6571429,213.2407651,59.63257277,
2014,M12,448.8181903,213.5468548,59.37584176,
2015,M01,451.6876976,214.049393,59.11726585,
2015,M02,452.0543121,214.5875826,59.37522691,
2015,M03,452.8739343,215.2363014,59.50427948,
2015,M04,454.3702037,215.9440177,59.58824209,
2015,M05,454.4820023,216.3235507,59.83580186,
2015,M06,454.8604189,216.8050301,59.97419813,
2015,M07,455.9947553,217.5684961,60.02611618,
2015,M08,456.9674867,218.0105943,59.9458976,
2015,M09,459.5066953,218.667718,59.87277058,
2015,M10,460.6548272,219.1487053,59.82433807,
2015,M11,461.636966,219.6664399,59.93409344,
2015,M12,462.9637741,220.2272466,59.89834699,
2016,M01,464.6455501,220.852369,59.83475517,
2016,M02,467.3320509,221.4155642,59.80878234,
2016,M03,466.9834348,221.8381892,59.91803227,
2016,M04,467.4599456,222.3039416,60.28880819,
2016,M05,468.1331891,222.949221,60.43172812,
2016,M06,468.106852,223.5843835,60.41429657,
2016,M07,469.1668901,224.0098193,60.272321,
2016,M08,470.3072359,224.5738892,60.23756787,
2016,M09,470.4154874,225.2433328,60.36557173,
2016,M10,470.3357363,225.9599557,60.27953677,
2016,M11,470.9491015,226.5514099,60.24031585,
2016,M12,471.2547414,227.1373934,60.39428035,
2017,M01,471.3351495,227.6440153,60.59337804,
2017,M02,472.5121496,228.0989701,60.60673476,
2017,M03,472.6861502,228.4604599,60.64603912,
2017,M04,473.1430892,228.900716,60.88729565,
2017,M05,474.3669018,229.3362436,60.95904705,
2017,M06,475.1063206,229.8246649,60.90134598,
2017,M07,475.9128287,230.1028729,60.73460581,
2017,M08,476.1484559,231.0026054,60.8086469,
2017,M09,475.3586157,231.5360116,61.02917764,
2017,M10,476.9275853,232.3215235,60.96031366,
2017,M11,476.316818,232.7576831,61.02171908,
2017,M12,477.6856494,233.4237885,61.30640936,
2018,M01,478.726037,234.0552161,61.54295303,
2018,M02,479.1395091,234.4346467,61.70894232,
2018,M03,480.8616118,235.2186119,61.82016581,
2018,M04,481.6005218,236.0489925,61.83477859,
2018,M05,482.3616501,236.6756372,61.90973992,
2018,M06,483.1176188,236.9929661,62.08078717,
2018,M07,484.2377048,237.6514356,62.20805723,
2018,M08,484.1576375,238.3211569,62.25608674,
2018,M09,485.0826303,238.821204,62.23114248,
2018,M10,485.2600698,239.4711849,62.35569048,
2018,M11,486.9051767,240.2137781,62.38875556,
2018,M12,488.9504868,240.8698994,62.26227463,
2019,M01,491.0488598,241.4925762,62.23962106,
2019,M02,491.5092862,242.2333611,62.09492433,
2019,M03,491.704755,243.0007205,62.32975666,
2019,M04,492.0293586,243.8010653,62.61886954,
2019,M05,493.2020071,244.367171,62.54760305,
2019,M06,495.4954085,245.2588856,62.73029616,
2019,M07,496.3192037,245.8437783,62.67141974,
2019,M08,497.7676344,246.2621584,62.69989078,
2019,M09,498.7907005,247.0885561,62.7478185,
2019,M10,498.8709899,247.3309055,62.76133405,
2019,M11,499.3419531,247.8814249,62.55411382,
2019,M12,499.8425364,248.279591,62.37027256,
2020,M01,501.0969739,248.9982741,62.29368617,
2020,M02,503.2170529,249.7575429,62.34192332,
2020,M03,505.0986602,249.9351473,61.98700038,
2020,M04,507.0146634,250.131729,60.66986398,
2020,M05,507.6130451,250.6854491,59.79389754,
2020,M06,507.7354322,251.0909604,60.26127674,
2020,M07,509.7291931,251.6536294,61.48047345,
2020,M08,511.2839742,252.2999777,62.07556997,
2020,M09,511.6983887,252.4135945,62.77476854,
2020,M10,511.8727148,252.5899099,63.03053692,
2020,M11,512.3763619,253.0315466,63.16720122,
2020,M12,511.8548355,253.3785772,62.99839232,
2021,M01,510.6346332,253.4978438,62.72830315,
2021,M02,509.372908,253.7844231,62.61755567,
2021,M03,508.8510761,254.5391107,63.21365086,
2021,M04,513.6900313,255.6214615,65.52886315,
2021,M05,517.6974223,256.654682,67.43192339,
2021,M06,522.0368326,257.7179909,70.06296963,
2021,M07,523.2520246,258.6683146,70.19335146,